"Label (Grouping)","Inglewood CCD, Los Angeles County, California!!Households!!Estimate","Inglewood CCD, Los Angeles County, California!!Households!!Margin of Error","Inglewood CCD, Los Angeles County, California!!Families!!Estimate","Inglewood CCD, Los Angeles County, California!!Families!!Margin of Error","Inglewood CCD, Los Angeles County, California!!Married-couple families!!Estimate","Inglewood CCD, Los Angeles County, California!!Married-couple families!!Margin of Error","Inglewood CCD, Los Angeles County, California!!Nonfamily households!!Estimate","Inglewood CCD, Los Angeles County, California!!Nonfamily households!!Margin of Error","Census Tract 2761.01; Los Angeles County; California!!Households!!Estimate","Census Tract 2761.01; Los Angeles County; California!!Households!!Margin of Error","Census Tract 2761.01; Los Angeles County; California!!Families!!Estimate","Census Tract 2761.01; Los Angeles County; California!!Families!!Margin of Error","Census Tract 2761.01; Los Angeles County; California!!Married-couple families!!Estimate","Census Tract 2761.01; Los Angeles County; California!!Married-couple families!!Margin of Error","Census Tract 2761.01; Los Angeles County; California!!Nonfamily households!!Estimate","Census Tract 2761.01; Los Angeles County; California!!Nonfamily households!!Margin of Error","Census Tract 6005.01; Los Angeles County; California!!Households!!Estimate","Census Tract 6005.01; Los Angeles County; California!!Households!!Margin of Error","Census Tract 6005.01; Los Angeles County; California!!Families!!Estimate","Census Tract 6005.01; Los Angeles County; California!!Families!!Margin of Error","Census Tract 6005.01; Los Angeles County; California!!Married-couple families!!Estimate","Census Tract 6005.01; Los Angeles County; California!!Married-couple families!!Margin of Error","Census Tract 6005.01; Los Angeles County; California!!Nonfamily households!!Estimate","Census Tract 6005.01; Los Angeles County; California!!Nonfamily households!!Margin of Error","Census Tract 6006.01; Los Angeles County; California!!Households!!Estimate","Census Tract 6006.01; Los Angeles County; California!!Households!!Margin of Error","Census Tract 6006.01; Los Angeles County; California!!Families!!Estimate","Census Tract 6006.01; Los Angeles County; California!!Families!!Margin of Error","Census Tract 6006.01; Los Angeles County; California!!Married-couple families!!Estimate","Census Tract 6006.01; Los Angeles County; California!!Married-couple families!!Margin of Error","Census Tract 6006.01; Los Angeles County; California!!Nonfamily households!!Estimate","Census Tract 6006.01; Los Angeles County; California!!Nonfamily households!!Margin of Error","Census Tract 6006.02; Los Angeles County; California!!Households!!Estimate","Census Tract 6006.02; Los Angeles County; California!!Households!!Margin of Error","Census Tract 6006.02; Los Angeles County; California!!Families!!Estimate","Census Tract 6006.02; Los Angeles County; California!!Families!!Margin of Error","Census Tract 6006.02; Los Angeles County; California!!Married-couple families!!Estimate","Census Tract 6006.02; Los Angeles County; California!!Married-couple families!!Margin of Error","Census Tract 6006.02; Los Angeles County; California!!Nonfamily households!!Estimate","Census Tract 6006.02; Los Angeles County; California!!Nonfamily households!!Margin of Error","Census Tract 6007.02; Los Angeles County; California!!Households!!Estimate","Census Tract 6007.02; Los Angeles County; California!!Households!!Margin of Error","Census Tract 6007.02; Los Angeles County; California!!Families!!Estimate","Census Tract 6007.02; Los Angeles County; California!!Families!!Margin of Error","Census Tract 6007.02; Los Angeles County; California!!Married-couple families!!Estimate","Census Tract 6007.02; Los Angeles County; California!!Married-couple families!!Margin of Error","Census Tract 6007.02; Los Angeles County; California!!Nonfamily households!!Estimate","Census Tract 6007.02; Los Angeles County; California!!Nonfamily households!!Margin of Error","Census Tract 6007.03; Los Angeles County; California!!Households!!Estimate","Census Tract 6007.03; Los Angeles County; California!!Households!!Margin of Error","Census Tract 6007.03; Los Angeles County; California!!Families!!Estimate","Census Tract 6007.03; Los Angeles County; California!!Families!!Margin of Error","Census Tract 6007.03; Los Angeles County; California!!Married-couple families!!Estimate","Census Tract 6007.03; Los Angeles County; California!!Married-couple families!!Margin of Error","Census Tract 6007.03; Los Angeles County; California!!Nonfamily households!!Estimate","Census Tract 6007.03; Los Angeles County; California!!Nonfamily households!!Margin of Error","Census Tract 6007.04; Los Angeles County; California!!Households!!Estimate","Census Tract 6007.04; Los Angeles County; California!!Households!!Margin of Error","Census Tract 6007.04; Los Angeles County; California!!Families!!Estimate","Census Tract 6007.04; Los Angeles County; California!!Families!!Margin of Error","Census Tract 6007.04; Los Angeles County; California!!Married-couple families!!Estimate","Census Tract 6007.04; Los Angeles County; California!!Married-couple families!!Margin of Error","Census Tract 6007.04; Los Angeles County; California!!Nonfamily households!!Estimate","Census Tract 6007.04; Los Angeles County; California!!Nonfamily households!!Margin of Error","Census Tract 6008.01; Los Angeles County; California!!Households!!Estimate","Census Tract 6008.01; Los Angeles County; California!!Households!!Margin of Error","Census Tract 6008.01; Los Angeles County; California!!Families!!Estimate","Census Tract 6008.01; Los Angeles County; California!!Families!!Margin of Error","Census Tract 6008.01; Los Angeles County; California!!Married-couple families!!Estimate","Census Tract 6008.01; Los Angeles County; California!!Married-couple families!!Margin of Error","Census Tract 6008.01; Los Angeles County; California!!Nonfamily households!!Estimate","Census Tract 6008.01; Los Angeles County; California!!Nonfamily households!!Margin of Error","Census Tract 6008.02; Los Angeles County; California!!Households!!Estimate","Census Tract 6008.02; Los Angeles County; California!!Households!!Margin of Error","Census Tract 6008.02; Los Angeles County; California!!Families!!Estimate","Census Tract 6008.02; Los Angeles County; California!!Families!!Margin of Error","Census Tract 6008.02; Los Angeles County; California!!Married-couple families!!Estimate","Census Tract 6008.02; Los Angeles County; California!!Married-couple families!!Margin of Error","Census Tract 6008.02; Los Angeles County; California!!Nonfamily households!!Estimate","Census Tract 6008.02; Los Angeles County; California!!Nonfamily households!!Margin of Error","Census Tract 6009.02; Los Angeles County; California!!Households!!Estimate","Census Tract 6009.02; Los Angeles County; California!!Households!!Margin of Error","Census Tract 6009.02; Los Angeles County; California!!Families!!Estimate","Census Tract 6009.02; Los Angeles County; California!!Families!!Margin of Error","Census Tract 6009.02; Los Angeles County; California!!Married-couple families!!Estimate","Census Tract 6009.02; Los Angeles County; California!!Married-couple families!!Margin of Error","Census Tract 6009.02; Los Angeles County; California!!Nonfamily households!!Estimate","Census Tract 6009.02; Los Angeles County; California!!Nonfamily households!!Margin of Error","Census Tract 6009.11; Los Angeles County; California!!Households!!Estimate","Census Tract 6009.11; Los Angeles County; California!!Households!!Margin of Error","Census Tract 6009.11; Los Angeles County; California!!Families!!Estimate","Census Tract 6009.11; Los Angeles County; California!!Families!!Margin of Error","Census Tract 6009.11; Los Angeles County; California!!Married-couple families!!Estimate","Census Tract 6009.11; Los Angeles County; California!!Married-couple families!!Margin of Error","Census Tract 6009.11; Los Angeles County; California!!Nonfamily households!!Estimate","Census Tract 6009.11; Los Angeles County; California!!Nonfamily households!!Margin of Error","Census Tract 6009.12; Los Angeles County; California!!Households!!Estimate","Census Tract 6009.12; Los Angeles County; California!!Households!!Margin of Error","Census Tract 6009.12; Los Angeles County; California!!Families!!Estimate","Census Tract 6009.12; Los Angeles County; California!!Families!!Margin of Error","Census Tract 6009.12; Los Angeles County; California!!Married-couple families!!Estimate","Census Tract 6009.12; Los Angeles County; California!!Married-couple families!!Margin of Error","Census Tract 6009.12; Los Angeles County; California!!Nonfamily households!!Estimate","Census Tract 6009.12; Los Angeles County; California!!Nonfamily households!!Margin of Error","Census Tract 6010.01; Los Angeles County; California!!Households!!Estimate","Census Tract 6010.01; Los Angeles County; California!!Households!!Margin of Error","Census Tract 6010.01; Los Angeles County; California!!Families!!Estimate","Census Tract 6010.01; Los Angeles County; California!!Families!!Margin of Error","Census Tract 6010.01; Los Angeles County; California!!Married-couple families!!Estimate","Census Tract 6010.01; Los Angeles County; California!!Married-couple families!!Margin of Error","Census Tract 6010.01; Los Angeles County; California!!Nonfamily households!!Estimate","Census Tract 6010.01; Los Angeles County; California!!Nonfamily households!!Margin of Error","Census Tract 6010.02; Los Angeles County; California!!Households!!Estimate","Census Tract 6010.02; Los Angeles County; California!!Households!!Margin of Error","Census Tract 6010.02; Los Angeles County; California!!Families!!Estimate","Census Tract 6010.02; Los Angeles County; California!!Families!!Margin of Error","Census Tract 6010.02; Los Angeles County; California!!Married-couple families!!Estimate","Census Tract 6010.02; Los Angeles County; California!!Married-couple families!!Margin of Error","Census Tract 6010.02; Los Angeles County; California!!Nonfamily households!!Estimate","Census Tract 6010.02; Los Angeles County; California!!Nonfamily households!!Margin of Error","Census Tract 6011; Los Angeles County; California!!Households!!Estimate","Census Tract 6011; Los Angeles County; California!!Households!!Margin of Error","Census Tract 6011; Los Angeles County; California!!Families!!Estimate","Census Tract 6011; Los Angeles County; California!!Families!!Margin of Error","Census Tract 6011; Los Angeles County; California!!Married-couple families!!Estimate","Census Tract 6011; Los Angeles County; California!!Married-couple families!!Margin of Error","Census Tract 6011; Los Angeles County; California!!Nonfamily households!!Estimate","Census Tract 6011; Los Angeles County; California!!Nonfamily households!!Margin of Error","Census Tract 6012.02; Los Angeles County; California!!Households!!Estimate","Census Tract 6012.02; Los Angeles County; California!!Households!!Margin of Error","Census Tract 6012.02; Los Angeles County; California!!Families!!Estimate","Census Tract 6012.02; Los Angeles County; California!!Families!!Margin of Error","Census Tract 6012.02; Los Angeles County; California!!Married-couple families!!Estimate","Census Tract 6012.02; Los Angeles County; California!!Married-couple families!!Margin of Error","Census Tract 6012.02; Los Angeles County; California!!Nonfamily households!!Estimate","Census Tract 6012.02; Los Angeles County; California!!Nonfamily households!!Margin of Error","Census Tract 6012.11; Los Angeles County; California!!Households!!Estimate","Census Tract 6012.11; Los Angeles County; California!!Households!!Margin of Error","Census Tract 6012.11; Los Angeles County; California!!Families!!Estimate","Census Tract 6012.11; Los Angeles County; California!!Families!!Margin of Error","Census Tract 6012.11; Los Angeles County; California!!Married-couple families!!Estimate","Census Tract 6012.11; Los Angeles County; California!!Married-couple families!!Margin of Error","Census Tract 6012.11; Los Angeles County; California!!Nonfamily households!!Estimate","Census Tract 6012.11; Los Angeles County; California!!Nonfamily households!!Margin of Error","Census Tract 6012.12; Los Angeles County; California!!Households!!Estimate","Census Tract 6012.12; Los Angeles County; California!!Households!!Margin of Error","Census Tract 6012.12; Los Angeles County; California!!Families!!Estimate","Census Tract 6012.12; Los Angeles County; California!!Families!!Margin of Error","Census Tract 6012.12; Los Angeles County; California!!Married-couple families!!Estimate","Census Tract 6012.12; Los Angeles County; California!!Married-couple families!!Margin of Error","Census Tract 6012.12; Los Angeles County; California!!Nonfamily households!!Estimate","Census Tract 6012.12; Los Angeles County; California!!Nonfamily households!!Margin of Error","Census Tract 6013.01; Los Angeles County; California!!Households!!Estimate","Census Tract 6013.01; Los Angeles County; California!!Households!!Margin of Error","Census Tract 6013.01; Los Angeles County; California!!Families!!Estimate","Census Tract 6013.01; Los Angeles County; California!!Families!!Margin of Error","Census Tract 6013.01; Los Angeles County; California!!Married-couple families!!Estimate","Census Tract 6013.01; Los Angeles County; California!!Married-couple families!!Margin of Error","Census Tract 6013.01; Los Angeles County; California!!Nonfamily households!!Estimate","Census Tract 6013.01; Los Angeles County; California!!Nonfamily households!!Margin of Error","Census Tract 6013.02; Los Angeles County; California!!Households!!Estimate","Census Tract 6013.02; Los Angeles County; California!!Households!!Margin of Error","Census Tract 6013.02; Los Angeles County; California!!Families!!Estimate","Census Tract 6013.02; Los Angeles County; California!!Families!!Margin of Error","Census Tract 6013.02; Los Angeles County; California!!Married-couple families!!Estimate","Census Tract 6013.02; Los Angeles County; California!!Married-couple families!!Margin of Error","Census Tract 6013.02; Los Angeles County; California!!Nonfamily households!!Estimate","Census Tract 6013.02; Los Angeles County; California!!Nonfamily households!!Margin of Error","Census Tract 6013.03; Los Angeles County; California!!Households!!Estimate","Census Tract 6013.03; Los Angeles County; California!!Households!!Margin of Error","Census Tract 6013.03; Los Angeles County; California!!Families!!Estimate","Census Tract 6013.03; Los Angeles County; California!!Families!!Margin of Error","Census Tract 6013.03; Los Angeles County; California!!Married-couple families!!Estimate","Census Tract 6013.03; Los Angeles County; California!!Married-couple families!!Margin of Error","Census Tract 6013.03; Los Angeles County; California!!Nonfamily households!!Estimate","Census Tract 6013.03; Los Angeles County; California!!Nonfamily households!!Margin of Error","Census Tract 6014.01; Los Angeles County; California!!Households!!Estimate","Census Tract 6014.01; Los Angeles County; California!!Households!!Margin of Error","Census Tract 6014.01; Los Angeles County; California!!Families!!Estimate","Census Tract 6014.01; Los Angeles County; California!!Families!!Margin of Error","Census Tract 6014.01; Los Angeles County; California!!Married-couple families!!Estimate","Census Tract 6014.01; Los Angeles County; California!!Married-couple families!!Margin of Error","Census Tract 6014.01; Los Angeles County; California!!Nonfamily households!!Estimate","Census Tract 6014.01; Los Angeles County; California!!Nonfamily households!!Margin of Error","Census Tract 6014.02; Los Angeles County; California!!Households!!Estimate","Census Tract 6014.02; Los Angeles County; California!!Households!!Margin of Error","Census Tract 6014.02; Los Angeles County; California!!Families!!Estimate","Census Tract 6014.02; Los Angeles County; California!!Families!!Margin of Error","Census Tract 6014.02; Los Angeles County; California!!Married-couple families!!Estimate","Census Tract 6014.02; Los Angeles County; California!!Married-couple families!!Margin of Error","Census Tract 6014.02; Los Angeles County; California!!Nonfamily households!!Estimate","Census Tract 6014.02; Los Angeles County; California!!Nonfamily households!!Margin of Error","Census Tract 6018.01; Los Angeles County; California!!Households!!Estimate","Census Tract 6018.01; Los Angeles County; California!!Households!!Margin of Error","Census Tract 6018.01; Los Angeles County; California!!Families!!Estimate","Census Tract 6018.01; Los Angeles County; California!!Families!!Margin of Error","Census Tract 6018.01; Los Angeles County; California!!Married-couple families!!Estimate","Census Tract 6018.01; Los Angeles County; California!!Married-couple families!!Margin of Error","Census Tract 6018.01; Los Angeles County; California!!Nonfamily households!!Estimate","Census Tract 6018.01; Los Angeles County; California!!Nonfamily households!!Margin of Error","Census Tract 6019; Los Angeles County; California!!Households!!Estimate","Census Tract 6019; Los Angeles County; California!!Households!!Margin of Error","Census Tract 6019; Los Angeles County; California!!Families!!Estimate","Census Tract 6019; Los Angeles County; California!!Families!!Margin of Error","Census Tract 6019; Los Angeles County; California!!Married-couple families!!Estimate","Census Tract 6019; Los Angeles County; California!!Married-couple families!!Margin of Error","Census Tract 6019; Los Angeles County; California!!Nonfamily households!!Estimate","Census Tract 6019; Los Angeles County; California!!Nonfamily households!!Margin of Error","Census Tract 6020.03; Los Angeles County; California!!Households!!Estimate","Census Tract 6020.03; Los Angeles County; California!!Households!!Margin of Error","Census Tract 6020.03; Los Angeles County; California!!Families!!Estimate","Census Tract 6020.03; Los Angeles County; California!!Families!!Margin of Error","Census Tract 6020.03; Los Angeles County; California!!Married-couple families!!Estimate","Census Tract 6020.03; Los Angeles County; California!!Married-couple families!!Margin of Error","Census Tract 6020.03; Los Angeles County; California!!Nonfamily households!!Estimate","Census Tract 6020.03; Los Angeles County; California!!Nonfamily households!!Margin of Error","Census Tract 6042; Los Angeles County; California!!Households!!Estimate","Census Tract 6042; Los Angeles County; California!!Households!!Margin of Error","Census Tract 6042; Los Angeles County; California!!Families!!Estimate","Census Tract 6042; Los Angeles County; California!!Families!!Margin of Error","Census Tract 6042; Los Angeles County; California!!Married-couple families!!Estimate","Census Tract 6042; Los Angeles County; California!!Married-couple families!!Margin of Error","Census Tract 6042; Los Angeles County; California!!Nonfamily households!!Estimate","Census Tract 6042; Los Angeles County; California!!Nonfamily households!!Margin of Error"
"Total","121,146","±1,608","84,187","±1,194","47,612","±1,233","36,959","±1,562","1,764","±297","490","±117","367","±100","1,274","±308","849","±85","622","±93","365","±77","227","±60","832","±63","557","±71","326","±64","275","±61","686","±90","479","±106","174","±59","207","±58","1,551","±186","1,169","±206","609","±166","382","±99","793","±70","438","±87","194","±67","355","±80","1,174","±129","721","±104","332","±96","453","±152","1,202","±186","626","±100","407","±87","576","±183","1,174","±226","692","±237","314","±80","482","±121","2,230","±333","1,434","±385","317","±115","796","±184","1,046","±125","682","±116","422","±86","364","±121","1,428","±166","1,197","±173","674","±129","231","±79","1,037","±181","367","±166","263","±157","670","±127","2,013","±307","1,191","±221","544","±168","822","±324","2,050","±201","1,411","±270","632","±216","639","±183","1,061","±187","876","±190","512","±144","185","±71","1,093","±153","730","±165","428","±129","363","±99","1,978","±155","1,289","±200","707","±176","689","±174","741","±96","410","±68","309","±63","331","±101","2,634","±221","1,549","±229","745","±223","1,085","±230","2,158","±214","1,400","±240","566","±153","758","±167","1,740","±152","1,058","±138","539","±114","682","±134","1,321","±232","1,071","±238","823","±256","250","±101","854","±136","706","±106","444","±100","148","±96","1,341","±153","1,163","±144","659","±144","178","±122","1,234","±147","976","±164","589","±178","258","±100","1,658","±228","1,289","±242","653","±130","369","±107"
"    Less than $10,000","5.5%","±0.5","3.7%","±0.6","1.9%","±0.5","10.7%","±1.3","4.4%","±3.6","0.0%","±7.8","0.0%","±10.3","6.1%","±4.9","5.3%","±4.8","0.6%","±0.9","0.0%","±10.4","19.8%","±16.2","8.8%","±5.5","5.6%","±6.0","0.0%","±11.5","15.3%","±10.3","5.7%","±4.1","4.0%","±4.4","7.5%","±10.4","9.7%","±10.7","4.1%","±3.3","4.4%","±4.2","3.9%","±6.4","3.1%","±4.5","1.4%","±1.5","3.4%","±3.0","2.6%","±4.4","0.3%","±1.1","5.9%","±5.0","5.1%","±8.0","0.0%","±11.3","7.1%","±7.6","3.2%","±3.1","0.0%","±6.2","0.0%","±9.4","6.6%","±6.9","0.9%","±1.3","0.0%","±5.6","0.0%","±11.9","2.3%","±3.1","6.4%","±4.5","2.9%","±3.8","9.5%","±14.4","12.7%","±10.0","5.1%","±6.7","1.2%","±2.0","1.9%","±3.4","12.4%","±18.3","2.0%","±2.3","3.6%","±4.0","0.0%","±5.8","3.9%","±6.3","9.9%","±7.7","10.4%","±12.7","0.0%","±14.1","9.7%","±8.4","16.4%","±12.4","1.8%","±2.8","3.9%","±6.1","37.6%","±24.1","8.8%","±5.8","3.6%","±4.4","0.0%","±6.1","20.3%","±16.4","6.2%","±6.1","3.4%","±5.3","5.9%","±9.0","19.5%","±22.4","2.1%","±1.8","2.2%","±2.2","0.0%","±8.9","1.9%","±3.3","5.9%","±4.1","2.3%","±3.7","0.0%","±5.5","12.6%","±9.5","5.1%","±4.2","6.8%","±6.7","6.5%","±8.2","3.0%","±3.1","8.4%","±5.0","4.9%","±5.4","0.0%","±5.2","13.4%","±10.1","9.9%","±5.7","12.4%","±8.8","0.0%","±6.8","7.8%","±6.9","5.7%","±3.3","4.3%","±3.6","3.0%","±4.2","9.7%","±6.7","2.0%","±2.0","3.5%","±3.2","0.0%","±4.7","4.0%","±6.4","5.7%","±4.3","4.8%","±4.2","3.6%","±4.1","14.2%","±18.6","5.0%","±4.7","5.6%","±5.5","2.7%","±4.2","6.7%","±10.5","4.4%","±3.7","0.7%","±1.3","0.0%","±6.6","18.2%","±14.5","1.9%","±1.8","0.4%","±0.7","0.0%","±5.9","7.3%","±7.7"
"    $10,000 to $14,999","3.9%","±0.4","2.4%","±0.4","2.1%","±0.6","8.2%","±1.0","2.2%","±3.5","0.0%","±7.8","0.0%","±10.3","3.0%","±4.8","0.0%","±4.6","0.0%","±6.2","0.0%","±10.4","0.0%","±16.1","0.7%","±0.9","0.0%","±6.9","0.0%","±11.5","2.2%","±2.8","7.0%","±5.8","0.0%","±8.0","0.0%","±20.4","23.2%","±17.6","5.2%","±5.3","5.2%","±6.5","8.0%","±12.3","5.0%","±7.4","1.6%","±2.5","3.0%","±4.4","0.0%","±18.5","0.0%","±10.6","1.5%","±2.2","0.0%","±5.4","0.0%","±11.3","4.0%","±5.9","5.0%","±4.1","2.2%","±3.0","3.4%","±4.7","8.0%","±8.2","1.6%","±1.9","0.0%","±5.6","0.0%","±11.9","3.9%","±4.7","1.9%","±2.5","2.3%","±3.7","0.0%","±11.8","1.3%","±2.0","3.9%","±4.2","0.0%","±5.7","0.0%","±9.0","11.3%","±11.9","2.9%","±2.8","0.8%","±1.3","1.3%","±2.2","14.3%","±14.0","17.4%","±7.9","0.0%","±10.3","0.0%","±14.1","26.9%","±10.8","4.5%","±4.7","7.6%","±7.6","10.3%","±14.8","2.9%","±4.6","3.5%","±3.4","1.3%","±2.1","2.8%","±4.7","8.5%","±9.8","0.7%","±1.1","0.0%","±4.5","0.0%","±7.5","3.8%","±6.3","1.5%","±1.7","0.0%","±5.3","0.0%","±8.9","4.4%","±5.1","7.0%","±5.3","0.9%","±1.5","1.6%","±2.7","18.6%","±14.0","0.0%","±5.3","0.0%","±9.3","0.0%","±12.1","0.0%","±11.4","3.9%","±3.4","6.6%","±5.8","9.7%","±9.2","0.0%","±3.6","5.5%","±4.9","6.0%","±4.9","6.2%","±9.1","9.9%","±11.3","4.9%","±2.9","0.0%","±3.7","0.0%","±7.1","12.6%","±7.7","3.8%","±4.2","0.0%","±3.7","0.0%","±4.7","20.0%","±20.7","0.9%","±1.6","0.0%","±5.5","0.0%","±8.6","5.4%","±11.1","7.6%","±5.6","6.9%","±5.4","11.2%","±9.7","12.4%","±20.7","2.0%","±2.3","0.0%","±4.0","0.0%","±6.6","9.7%","±11.2","0.7%","±0.8","1.1%","±1.3","0.8%","±1.3","1.6%","±3.0"
"    $15,000 to $24,999","6.8%","±0.6","5.5%","±0.6","3.5%","±0.7","11.0%","±1.3","3.3%","±3.6","0.0%","±7.8","0.0%","±10.3","4.6%","±5.1","6.6%","±4.0","4.5%","±4.5","5.5%","±6.6","12.3%","±8.3","6.4%","±3.5","2.2%","±2.9","3.7%","±4.9","14.9%","±9.6","10.1%","±7.0","5.4%","±5.7","7.5%","±11.6","20.8%","±15.2","5.5%","±4.0","4.2%","±3.9","3.3%","±4.7","9.4%","±11.6","7.3%","±4.7","3.2%","±5.3","0.0%","±18.5","12.4%","±8.5","14.5%","±7.8","12.6%","±8.3","0.0%","±11.3","17.4%","±16.6","7.8%","±6.3","2.2%","±3.7","0.0%","±9.4","13.9%","±13.0","15.8%","±9.0","6.1%","±5.8","6.4%","±8.5","29.7%","±19.8","8.5%","±6.0","9.3%","±8.9","0.0%","±11.8","7.0%","±6.3","6.6%","±6.4","8.2%","±6.6","11.8%","±10.5","9.9%","±14.7","4.4%","±2.9","2.1%","±2.4","3.7%","±4.2","16.5%","±17.2","11.3%","±5.5","5.2%","±9.0","7.2%","±12.8","14.6%","±7.8","5.1%","±4.2","2.9%","±4.1","0.0%","±7.1","8.3%","±8.4","8.0%","±6.6","12.8%","±9.4","11.7%","±12.4","0.0%","±6.1","3.9%","±4.5","3.8%","±5.4","1.0%","±2.5","4.3%","±7.1","22.3%","±10.7","21.4%","±14.7","17.5%","±20.5","24.2%","±13.3","9.7%","±5.0","2.7%","±3.8","5.0%","±6.9","22.8%","±12.5","3.6%","±2.9","2.2%","±3.5","2.9%","±4.6","5.4%","±5.2","3.4%","±3.9","6.2%","±7.4","0.0%","±5.2","1.1%","±1.8","10.5%","±4.6","4.9%","±4.5","3.4%","±4.9","21.0%","±9.7","8.4%","±3.4","6.1%","±4.1","4.3%","±4.7","12.0%","±6.3","5.9%","±5.2","5.6%","±6.1","7.3%","±7.8","7.2%","±7.6","18.4%","±9.7","18.0%","±11.3","7.4%","±7.9","16.2%","±18.8","8.1%","±4.5","7.7%","±5.6","1.5%","±2.0","16.9%","±21.7","4.5%","±3.6","2.7%","±3.6","3.6%","±5.8","11.6%","±11.1","2.0%","±1.9","1.6%","±2.1","0.9%","±1.4","3.3%","±4.0"
"    $25,000 to $34,999","8.2%","±0.7","7.8%","±0.7","6.1%","±0.9","10.5%","±1.4","3.3%","±4.1","0.0%","±7.8","0.0%","±10.3","4.6%","±5.6","4.9%","±2.7","3.9%","±3.3","0.0%","±10.4","12.8%","±8.6","7.0%","±3.8","1.1%","±1.5","1.8%","±2.6","18.9%","±10.0","6.6%","±5.3","15.7%","±12.0","3.4%","±6.5","4.3%","±6.4","0.7%","±0.9","0.7%","±1.1","0.0%","±6.4","0.8%","±2.0","4.4%","±3.1","2.5%","±3.7","5.7%","±8.1","6.8%","±4.8","5.0%","±3.4","0.0%","±5.4","0.0%","±11.3","13.0%","±8.3","5.1%","±3.0","5.8%","±4.3","0.0%","±9.4","4.3%","±4.1","2.7%","±2.5","0.0%","±5.6","0.0%","±11.9","6.6%","±5.8","10.1%","±5.6","6.7%","±6.8","18.9%","±25.3","16.2%","±12.0","11.5%","±7.4","2.3%","±2.5","3.8%","±4.0","28.6%","±20.9","7.6%","±5.1","8.9%","±5.9","1.2%","±2.1","10.0%","±14.4","8.9%","±6.7","1.6%","±3.1","2.3%","±4.4","12.8%","±9.9","9.3%","±6.0","6.6%","±6.9","2.0%","±3.7","10.2%","±11.0","11.2%","±5.7","15.0%","±8.6","9.5%","±10.9","5.3%","±8.8","2.5%","±2.4","4.3%","±4.3","1.8%","±3.1","5.4%","±7.8","6.7%","±5.2","3.7%","±4.3","0.0%","±8.9","15.4%","±12.5","8.6%","±4.6","9.3%","±6.3","8.5%","±8.4","9.7%","±7.6","4.6%","±4.7","0.0%","±9.3","0.0%","±12.1","10.3%","±10.2","7.0%","±5.6","11.4%","±9.6","4.7%","±7.0","3.0%","±4.8","10.1%","±4.8","7.5%","±6.2","10.4%","±9.7","7.1%","±5.6","7.4%","±4.1","9.4%","±6.4","15.6%","±11.1","5.4%","±5.6","10.1%","±6.1","9.6%","±7.0","4.9%","±5.7","3.6%","±5.7","10.3%","±6.2","11.3%","±6.9","12.6%","±9.1","8.8%","±14.4","1.0%","±1.3","0.8%","±1.2","0.0%","±5.9","2.2%","±4.6","9.1%","±6.0","13.1%","±7.9","8.0%","±7.6","0.0%","±14.3","6.6%","±3.8","5.6%","±4.0","5.2%","±5.6","12.5%","±8.6"
"    $35,000 to $49,999","11.8%","±0.8","11.4%","±0.9","9.0%","±0.9","13.5%","±1.4","5.0%","±4.5","3.5%","±6.7","0.0%","±10.3","5.6%","±5.9","12.4%","±6.7","11.1%","±7.7","9.3%","±7.3","11.0%","±13.3","7.2%","±4.8","11.0%","±7.3","9.2%","±8.8","1.5%","±2.1","7.9%","±5.4","4.4%","±4.4","5.7%","±7.8","15.9%","±13.2","17.2%","±6.9","13.0%","±8.0","4.3%","±4.8","30.1%","±15.5","8.2%","±5.3","4.8%","±5.1","5.7%","±10.1","12.4%","±9.8","3.2%","±2.8","1.8%","±2.2","0.0%","±11.3","5.5%","±6.5","3.9%","±2.7","0.3%","±1.1","0.5%","±1.6","7.8%","±6.2","23.4%","±16.7","38.3%","±24.0","17.5%","±14.8","10.2%","±9.7","16.9%","±10.1","22.9%","±15.1","5.4%","±8.0","6.0%","±7.6","7.2%","±5.0","8.5%","±5.7","3.6%","±4.0","0.0%","±10.4","8.3%","±5.0","7.3%","±5.4","12.9%","±8.9","3.5%","±5.8","6.9%","±5.5","5.4%","±7.6","7.6%","±12.4","7.8%","±7.1","9.0%","±6.5","7.9%","±7.8","4.4%","±7.3","10.6%","±11.5","6.7%","±5.0","6.0%","±5.5","0.0%","±6.1","8.3%","±10.2","14.0%","±7.9","10.5%","±8.2","1.0%","±2.1","19.5%","±18.6","17.6%","±10.8","24.9%","±15.3","13.6%","±11.3","0.0%","±10.4","14.6%","±6.7","17.8%","±8.6","14.9%","±11.1","11.6%","±9.9","18.5%","±11.2","6.6%","±6.0","8.7%","±7.8","33.2%","±21.3","6.7%","±3.5","6.1%","±4.8","5.0%","±7.6","5.7%","±4.8","13.2%","±4.5","10.6%","±5.6","7.1%","±7.0","21.0%","±8.8","19.8%","±7.0","18.0%","±9.6","9.1%","±7.4","21.0%","±11.8","9.2%","±6.3","5.3%","±5.4","6.9%","±7.1","25.6%","±18.6","7.8%","±4.6","8.5%","±5.4","4.7%","±6.1","4.7%","±8.5","19.4%","±9.3","21.8%","±11.5","18.1%","±15.3","16.9%","±20.0","17.9%","±9.4","19.6%","±11.6","23.8%","±18.4","8.9%","±10.9","19.9%","±12.0","24.7%","±14.7","18.2%","±8.9","12.7%","±9.0"
"    $50,000 to $74,999","17.1%","±0.9","18.0%","±1.0","15.9%","±1.3","15.3%","±1.4","10.4%","±7.0","16.7%","±13.3","7.9%","±9.0","7.9%","±7.7","15.4%","±5.2","18.8%","±6.8","17.3%","±9.4","6.2%","±6.8","17.7%","±5.7","19.0%","±7.6","9.8%","±7.4","17.1%","±8.8","29.4%","±11.5","33.8%","±12.0","38.5%","±17.2","15.5%","±14.1","7.5%","±4.2","10.3%","±5.3","7.9%","±7.2","4.5%","±6.5","15.6%","±6.4","14.8%","±9.1","18.6%","±14.0","16.6%","±9.2","20.3%","±7.8","28.7%","±13.3","23.2%","±14.9","6.8%","±7.1","10.4%","±7.2","7.8%","±8.9","10.1%","±11.7","13.2%","±11.8","16.3%","±9.7","12.0%","±10.3","8.3%","±13.5","23.9%","±14.7","15.9%","±6.7","15.0%","±8.3","0.0%","±11.8","20.9%","±12.8","13.4%","±7.7","15.2%","±10.6","13.5%","±12.7","9.9%","±11.3","28.1%","±8.7","30.2%","±10.3","26.4%","±10.5","25.1%","±16.5","8.4%","±6.9","11.4%","±13.2","0.0%","±14.1","6.7%","±7.6","10.7%","±7.3","12.4%","±9.8","12.9%","±16.0","8.3%","±8.2","26.9%","±11.2","29.9%","±14.6","33.7%","±21.4","24.1%","±17.8","24.4%","±9.0","25.2%","±8.3","24.2%","±11.2","20.5%","±24.5","13.7%","±5.7","12.2%","±7.1","11.4%","±7.8","21.5%","±12.1","10.3%","±4.8","13.4%","±6.9","7.9%","±8.8","4.5%","±4.1","19.3%","±7.9","18.5%","±8.1","15.2%","±8.2","20.2%","±14.6","23.1%","±7.9","21.0%","±9.8","21.9%","±13.4","23.7%","±12.2","19.1%","±6.0","21.3%","±7.5","21.9%","±13.1","16.0%","±9.0","19.5%","±6.2","18.2%","±8.9","10.8%","±9.1","20.4%","±9.6","12.7%","±6.6","12.4%","±7.0","11.8%","±8.7","16.8%","±16.1","24.0%","±9.4","20.4%","±6.8","23.2%","±9.8","37.8%","±42.0","22.1%","±9.4","26.8%","±11.3","27.3%","±14.5","2.2%","±5.4","26.6%","±7.6","25.6%","±8.6","23.6%","±12.0","26.7%","±16.5","22.2%","±6.9","21.0%","±7.7","20.8%","±9.2","23.6%","±14.1"
"    $75,000 to $99,999","13.7%","±0.7","14.8%","±1.0","15.1%","±1.2","10.2%","±1.0","7.5%","±8.4","0.0%","±7.8","0.0%","±10.3","10.4%","±11.2","10.5%","±5.4","13.3%","±7.5","7.1%","±6.3","3.1%","±4.7","7.9%","±3.9","10.8%","±5.9","10.7%","±9.0","2.2%","±3.1","15.7%","±8.1","14.4%","±8.4","16.1%","±14.6","6.3%","±9.3","5.7%","±3.5","10.4%","±9.2","5.6%","±5.7","8.4%","±7.8","17.5%","±7.5","23.1%","±10.7","24.2%","±15.4","10.7%","±10.2","18.9%","±8.5","14.7%","±9.3","16.0%","±14.7","25.6%","±19.0","8.7%","±5.3","6.5%","±5.6","1.7%","±3.3","11.1%","±9.7","14.1%","±8.5","17.2%","±12.3","28.3%","±18.0","0.0%","±8.0","13.6%","±6.6","12.8%","±8.2","16.4%","±12.8","14.1%","±10.5","7.7%","±5.1","12.6%","±8.7","10.9%","±10.0","2.7%","±4.2","16.7%","±6.2","19.5%","±8.0","17.2%","±10.0","13.4%","±12.4","7.6%","±9.3","2.5%","±4.4","3.4%","±6.4","10.4%","±13.1","18.2%","±6.8","22.3%","±9.6","20.2%","±14.3","14.4%","±10.4","17.3%","±6.7","10.2%","±6.7","10.6%","±9.3","23.8%","±15.1","15.8%","±12.0","19.2%","±14.1","25.0%","±21.5","0.0%","±19.3","11.8%","±5.9","11.8%","±8.3","18.7%","±13.7","7.2%","±7.7","21.6%","±6.8","27.8%","±9.9","34.1%","±15.5","7.1%","±8.3","8.6%","±4.6","13.2%","±7.6","9.7%","±7.0","3.0%","±3.3","13.7%","±6.4","17.8%","±8.5","25.5%","±14.4","10.1%","±8.5","11.6%","±6.2","11.9%","±9.7","5.3%","±6.8","10.0%","±7.2","8.2%","±3.7","7.8%","±5.3","5.2%","±6.3","8.8%","±5.1","24.0%","±13.2","28.6%","±15.5","36.1%","±18.2","4.4%","±6.7","2.0%","±2.3","3.0%","±2.8","4.7%","±4.6","0.0%","±23.4","17.4%","±7.7","10.0%","±8.1","6.5%","±7.2","36.5%","±39.5","13.5%","±7.3","13.0%","±8.3","17.3%","±13.0","15.5%","±14.0","7.8%","±3.2","5.4%","±3.2","9.6%","±6.3","10.3%","±8.9"
"    $100,000 to $149,999","17.6%","±0.8","19.2%","±1.1","22.2%","±1.5","12.1%","±1.2","32.0%","±11.3","18.4%","±15.0","13.9%","±16.0","39.0%","±15.4","16.6%","±6.9","18.8%","±8.6","17.5%","±12.4","18.1%","±11.2","15.7%","±6.1","15.4%","±7.8","9.5%","±9.5","17.5%","±11.9","11.1%","±7.2","14.0%","±10.1","12.1%","±15.6","4.3%","±6.6","27.6%","±9.0","21.2%","±9.2","19.5%","±13.7","24.3%","±14.4","19.3%","±8.0","23.7%","±12.6","10.8%","±10.1","13.8%","±8.3","16.0%","±7.2","22.6%","±11.9","34.3%","±16.5","5.5%","±3.9","25.0%","±9.3","38.8%","±13.9","43.2%","±17.6","9.9%","±8.5","15.8%","±8.6","13.2%","±9.5","11.5%","±13.1","21.4%","±13.7","11.3%","±8.6","17.6%","±13.2","4.7%","±7.8","3.5%","±5.8","18.6%","±7.8","19.8%","±9.6","14.2%","±10.9","10.7%","±12.0","20.1%","±7.1","20.3%","±8.1","25.8%","±11.4","3.0%","±5.7","17.5%","±12.8","34.6%","±30.6","43.0%","±37.1","8.1%","±6.7","18.4%","±7.5","24.3%","±9.3","29.0%","±13.8","7.8%","±7.3","8.1%","±5.6","9.7%","±7.0","18.5%","±14.9","7.2%","±11.5","12.8%","±5.9","14.6%","±7.1","18.8%","±11.4","4.3%","±6.6","18.8%","±9.5","19.7%","±11.7","33.6%","±21.0","17.1%","±14.1","16.1%","±7.3","20.8%","±10.1","25.6%","±14.1","6.1%","±9.2","19.4%","±6.5","23.7%","±9.1","22.0%","±9.8","14.2%","±10.8","18.1%","±7.7","15.5%","±10.3","11.5%","±9.4","27.9%","±14.2","16.5%","±5.4","21.4%","±7.5","41.3%","±16.3","4.7%","±4.1","13.2%","±5.7","19.0%","±8.1","23.2%","±12.0","7.5%","±7.1","15.1%","±5.7","16.5%","±7.1","15.2%","±8.3","7.6%","±10.9","16.7%","±7.1","19.7%","±8.2","23.4%","±11.2","0.0%","±23.4","15.6%","±8.5","16.6%","±9.4","25.6%","±16.0","6.2%","±10.0","11.0%","±5.0","15.4%","±7.3","13.2%","±7.9","9.3%","±10.8","20.2%","±7.3","22.6%","±9.0","22.4%","±10.3","11.9%","±10.2"
"    $150,000 to $199,999","7.5%","±0.5","8.1%","±0.7","10.7%","±0.9","5.2%","±0.9","11.4%","±7.1","23.1%","±13.5","27.0%","±16.9","7.7%","±7.6","12.7%","±6.2","10.9%","±6.5","18.6%","±11.0","9.7%","±11.9","10.5%","±4.4","14.0%","±6.4","22.7%","±11.0","3.3%","±4.8","0.7%","±1.1","0.0%","±8.0","0.0%","±20.4","0.0%","±17.5","11.5%","±6.1","14.3%","±8.0","23.8%","±13.3","3.1%","±4.9","14.1%","±7.5","9.6%","±6.0","5.7%","±7.8","19.7%","±14.0","4.8%","±3.6","7.1%","±5.5","14.8%","±10.2","1.1%","±1.9","21.0%","±14.7","24.3%","±14.6","26.5%","±18.3","25.2%","±23.2","5.4%","±4.2","9.1%","±7.7","20.1%","±15.1","0.0%","±8.0","13.8%","±5.3","10.0%","±7.6","45.1%","±26.9","14.8%","±10.9","12.2%","±6.2","13.2%","±8.6","13.7%","±9.3","10.4%","±9.4","7.8%","±4.3","5.5%","±4.0","8.3%","±7.0","10.4%","±15.2","9.1%","±5.2","20.2%","±15.4","24.3%","±21.6","3.0%","±3.7","2.6%","±4.3","6.6%","±7.7","4.8%","±7.7","0.0%","±4.7","2.5%","±2.4","2.5%","±2.8","2.8%","±4.6","0.0%","±6.1","12.4%","±6.7","12.8%","±7.6","11.9%","±8.9","10.8%","±12.7","2.6%","±1.9","1.5%","±1.9","2.6%","±3.3","4.7%","±4.5","3.6%","±3.2","2.5%","±3.0","0.0%","±5.5","4.6%","±6.6","10.0%","±4.8","12.4%","±6.9","15.9%","±8.9","6.9%","±6.9","7.0%","±4.7","3.6%","±4.6","7.5%","±9.2","11.9%","±9.5","0.9%","±0.9","2.9%","±3.1","1.2%","±1.8","1.6%","±2.5","9.3%","±4.1","12.1%","±6.4","19.1%","±12.0","2.6%","±3.0","11.5%","±5.7","14.2%","±8.0","12.4%","±8.0","7.6%","±12.2","10.1%","±6.5","9.5%","±6.4","13.5%","±9.4","12.8%","±20.9","1.1%","±1.0","0.9%","±1.1","1.5%","±2.0","0.0%","±20.0","7.9%","±4.8","8.2%","±5.5","7.6%","±7.5","0.0%","±14.3","10.7%","±5.3","8.8%","±5.6","10.4%","±7.4","16.8%","±10.8"
"    $200,000 or more","8.0%","±0.6","9.1%","±0.7","13.4%","±1.3","3.5%","±0.6","20.6%","±8.1","38.4%","±14.6","51.2%","±18.4","11.1%","±10.1","15.5%","±7.2","18.0%","±8.6","24.7%","±13.2","7.0%","±10.1","18.1%","±7.2","21.0%","±10.4","32.5%","±15.4","7.3%","±8.3","5.8%","±4.5","8.4%","±6.5","9.2%","±10.5","0.0%","±17.5","15.0%","±6.1","16.3%","±6.9","23.6%","±10.2","11.3%","±11.4","10.5%","±5.4","11.9%","±6.3","26.8%","±12.9","7.3%","±8.7","9.9%","±8.0","7.4%","±6.6","11.7%","±10.6","13.9%","±18.5","9.9%","±7.9","12.0%","±9.4","14.5%","±11.8","0.0%","±6.7","4.0%","±3.1","4.2%","±3.7","8.0%","±7.0","2.1%","±3.8","1.6%","±2.1","0.6%","±0.9","0.0%","±11.8","3.5%","±5.6","13.8%","±6.9","18.9%","±10.2","26.5%","±15.8","4.1%","±6.0","2.0%","±1.8","1.8%","±1.8","3.1%","±3.0","0.0%","±15.8","3.1%","±4.0","8.7%","±11.8","12.2%","±17.2","0.0%","±5.8","5.7%","±4.1","7.5%","±6.0","12.5%","±11.5","0.0%","±4.7","7.0%","±4.0","9.0%","±6.5","10.3%","±11.7","2.5%","±4.1","7.2%","±4.5","6.2%","±5.0","10.5%","±8.5","11.9%","±12.8","2.9%","±2.2","2.6%","±2.9","2.6%","±4.0","3.6%","±4.0","2.5%","±2.3","2.6%","±2.8","2.5%","±3.6","2.3%","±3.9","10.8%","±4.7","16.6%","±7.1","19.1%","±9.6","3.6%","±4.5","8.7%","±6.7","6.8%","±6.7","14.2%","±13.9","3.1%","±4.9","2.7%","±2.5","1.3%","±2.1","3.2%","±5.2","0.9%","±1.4","3.4%","±2.5","5.0%","±4.0","9.8%","±7.9","0.0%","±5.7","5.8%","±4.3","4.2%","±4.0","5.5%","±5.3","3.2%","±6.1","4.0%","±3.5","4.8%","±4.2","6.8%","±6.4","0.0%","±23.4","2.7%","±3.8","3.1%","±4.5","5.5%","±7.8","0.0%","±20.0","3.0%","±2.4","1.7%","±1.9","2.9%","±3.0","0.0%","±14.3","8.0%","±4.5","8.8%","±5.2","11.6%","±7.5","0.0%","±10.3"
"Median income (dollars)","70,593","±1,323","76,702","±1,717","92,988","±2,978","45,505","±1,962","117,054","±17,875","184,318","±36,525","207,697","±26,455","105,705","±11,960","90,739","±22,798","94,844","±14,921","130,993","±40,361","41,691","±24,769","80,833","±35,302","103,281","±27,628","181,429","±50,122","34,735","±30,054","59,783","±11,676","68,216","±3,407","68,429","±5,900","21,806","±14,312","107,396","±20,542","101,830","±24,669","149,343","±15,834","-","**","93,250","±10,736","95,313","±11,606","97,679","±18,249","84,792","±38,322","72,132","±21,596","79,063","±26,344","116,957","±13,611","60,750","±46,887","116,875","±27,194","138,636","±17,845","142,277","±10,339","68,000","±38,764","57,927","±21,158","66,354","±34,795","85,909","±13,326","41,645","±26,422","57,418","±11,968","56,475","±18,440","-","**","59,143","±20,999","77,016","±30,889","108,264","±38,081","119,737","±56,385","31,667","±13,648","73,272","±5,869","73,275","±6,797","76,364","±11,115","50,938","±31,179","42,878","±28,273","147,961","±72,490","149,066","±3,178","22,500","±11,697","59,896","±23,537","84,495","±12,405","97,727","±22,724","25,595","±21,359","58,655","±5,238","56,386","±6,644","60,786","±23,947","59,788","±19,928","74,093","±15,334","84,091","±15,242","87,034","±20,406","44,489","±31,837","49,871","±11,059","45,577","±12,520","87,708","±39,367","52,417","±29,998","63,375","±23,311","80,417","±13,771","82,004","±11,418","22,092","±7,681","74,410","±19,727","103,947","±12,877","105,781","±23,650","47,294","±9,328","72,577","±6,754","71,571","±4,493","77,408","±32,998","82,147","±37,644","51,932","±14,159","61,216","±10,331","76,250","±48,248","40,381","±11,014","52,941","±14,062","65,592","±14,369","101,513","±45,929","39,929","±4,412","88,037","±14,901","89,229","±9,301","89,658","±10,412","45,743","±9,620","51,343","±3,045","52,500","±16,887","70,313","±33,032","50,045","±47,279","57,788","±16,959","54,126","±16,496","61,354","±22,843","-","**","58,750","±9,210","61,484","±10,298","65,757","±21,601","50,588","±33,195","71,707","±7,657","69,583","±12,394","79,267","±21,527","61,518","±23,579"
"Mean income (dollars)","89,868","±1,878","96,791","±2,303","114,288","±3,103","65,922","±2,824","133,733","±20,819","177,768","±28,757","N","N","112,690","±26,433","121,863","±21,011","130,977","±25,002","N","N","85,036","±37,542","108,303","±14,753","122,810","±19,235","N","N","67,849","±23,313","91,961","±35,098","109,215","±48,987","N","N","34,943","±11,632","124,345","±19,806","125,702","±19,131","N","N","111,951","±48,993","108,815","±14,086","106,180","±13,141","N","N","108,826","±27,212","103,397","±29,820","108,199","±36,740","N","N","95,554","±56,670","117,573","±16,697","150,195","±23,644","N","N","80,242","±30,494","73,821","±10,602","83,155","±16,100","N","N","55,141","±14,767","76,643","±11,155","75,405","±15,444","N","N","73,464","±21,829","99,566","±15,089","118,994","±18,611","N","N","58,484","±22,141","82,686","±7,800","81,182","±8,213","N","N","61,371","±25,999","80,904","±25,243","153,849","±64,348","N","N","40,948","±9,420","70,496","±13,799","91,625","±13,616","N","N","37,015","±13,888","71,438","±10,969","74,550","±14,507","N","N","57,690","±16,317","97,083","±12,374","98,539","±14,004","N","N","87,621","±40,541","74,452","±14,607","67,310","±13,110","N","N","84,729","±34,005","69,821","±9,681","80,692","±10,521","N","N","44,994","±18,001","115,800","±36,105","125,546","±19,890","N","N","103,699","±75,501","88,153","±14,815","78,333","±15,885","N","N","88,481","±20,080","62,742","±8,752","68,121","±12,785","N","N","46,553","±8,190","72,310","±7,504","86,466","±11,959","N","N","47,294","±8,480","93,044","±11,688","95,752","±12,067","N","N","65,271","±30,813","74,237","±11,430","78,567","±12,688","N","N","50,141","±28,852","66,380","±8,834","65,894","±10,042","N","N","51,190","±21,157","73,433","±8,488","76,711","±10,000","N","N","46,158","±11,521","95,522","±13,832","96,953","±16,869","N","N","74,197","±13,818"
"PERCENT ALLOCATED","","","","","","","","","","","","","","","","","","","","","","","","","","","","","","","","","","","","","","","","","","","","","","","","","","","","","","","","","","","","","","","","","","","","","","","","","","","","","","","","","","","","","","","","","","","","","","","","","","","","","","","","","","","","","","","","","","","","","","","","","","","","","","","","","","","","","","","","","","","","","","","","","","","","","","","","","","","","","","","","","","","","","","","","","","","","","","","","","","","","","","","","","","","","","","","","","","","","","","","","","","","","","","","","","","","","","","","","","","","","","","","",""
"    Household income in the past 12 months","46.1%","(X)","(X)","(X)","(X)","(X)","(X)","(X)","43.5%","(X)","(X)","(X)","(X)","(X)","(X)","(X)","60.9%","(X)","(X)","(X)","(X)","(X)","(X)","(X)","51.9%","(X)","(X)","(X)","(X)","(X)","(X)","(X)","59.3%","(X)","(X)","(X)","(X)","(X)","(X)","(X)","47.1%","(X)","(X)","(X)","(X)","(X)","(X)","(X)","44.8%","(X)","(X)","(X)","(X)","(X)","(X)","(X)","47.4%","(X)","(X)","(X)","(X)","(X)","(X)","(X)","50.4%","(X)","(X)","(X)","(X)","(X)","(X)","(X)","31.6%","(X)","(X)","(X)","(X)","(X)","(X)","(X)","49.1%","(X)","(X)","(X)","(X)","(X)","(X)","(X)","53.5%","(X)","(X)","(X)","(X)","(X)","(X)","(X)","55.8%","(X)","(X)","(X)","(X)","(X)","(X)","(X)","30.8%","(X)","(X)","(X)","(X)","(X)","(X)","(X)","36.4%","(X)","(X)","(X)","(X)","(X)","(X)","(X)","48.8%","(X)","(X)","(X)","(X)","(X)","(X)","(X)","62.3%","(X)","(X)","(X)","(X)","(X)","(X)","(X)","48.0%","(X)","(X)","(X)","(X)","(X)","(X)","(X)","51.8%","(X)","(X)","(X)","(X)","(X)","(X)","(X)","35.8%","(X)","(X)","(X)","(X)","(X)","(X)","(X)","28.1%","(X)","(X)","(X)","(X)","(X)","(X)","(X)","47.1%","(X)","(X)","(X)","(X)","(X)","(X)","(X)","45.6%","(X)","(X)","(X)","(X)","(X)","(X)","(X)","37.4%","(X)","(X)","(X)","(X)","(X)","(X)","(X)","50.0%","(X)","(X)","(X)","(X)","(X)","(X)","(X)","48.4%","(X)","(X)","(X)","(X)","(X)","(X)","(X)","53.2%","(X)","(X)","(X)","(X)","(X)","(X)","(X)","59.9%","(X)","(X)","(X)","(X)","(X)","(X)","(X)"
"    Family income in the past 12 months","(X)","(X)","49.6%","(X)","(X)","(X)","(X)","(X)","(X)","(X)","27.3%","(X)","(X)","(X)","(X)","(X)","(X)","(X)","70.3%","(X)","(X)","(X)","(X)","(X)","(X)","(X)","52.1%","(X)","(X)","(X)","(X)","(X)","(X)","(X)","57.4%","(X)","(X)","(X)","(X)","(X)","(X)","(X)","48.2%","(X)","(X)","(X)","(X)","(X)","(X)","(X)","45.4%","(X)","(X)","(X)","(X)","(X)","(X)","(X)","56.9%","(X)","(X)","(X)","(X)","(X)","(X)","(X)","57.2%","(X)","(X)","(X)","(X)","(X)","(X)","(X)","40.8%","(X)","(X)","(X)","(X)","(X)","(X)","(X)","53.6%","(X)","(X)","(X)","(X)","(X)","(X)","(X)","61.3%","(X)","(X)","(X)","(X)","(X)","(X)","(X)","56.6%","(X)","(X)","(X)","(X)","(X)","(X)","(X)","16.3%","(X)","(X)","(X)","(X)","(X)","(X)","(X)","31.8%","(X)","(X)","(X)","(X)","(X)","(X)","(X)","54.9%","(X)","(X)","(X)","(X)","(X)","(X)","(X)","70.9%","(X)","(X)","(X)","(X)","(X)","(X)","(X)","55.2%","(X)","(X)","(X)","(X)","(X)","(X)","(X)","57.3%","(X)","(X)","(X)","(X)","(X)","(X)","(X)","39.3%","(X)","(X)","(X)","(X)","(X)","(X)","(X)","33.7%","(X)","(X)","(X)","(X)","(X)","(X)","(X)","51.2%","(X)","(X)","(X)","(X)","(X)","(X)","(X)","47.8%","(X)","(X)","(X)","(X)","(X)","(X)","(X)","36.9%","(X)","(X)","(X)","(X)","(X)","(X)","(X)","50.7%","(X)","(X)","(X)","(X)","(X)","(X)","(X)","46.4%","(X)","(X)","(X)","(X)","(X)","(X)","(X)","57.4%","(X)","(X)","(X)","(X)","(X)","(X)","(X)","60.7%","(X)","(X)","(X)","(X)","(X)"
"    Nonfamily income in the past 12 months","(X)","(X)","(X)","(X)","(X)","(X)","35.2%","(X)","(X)","(X)","(X)","(X)","(X)","(X)","49.8%","(X)","(X)","(X)","(X)","(X)","(X)","(X)","35.2%","(X)","(X)","(X)","(X)","(X)","(X)","(X)","51.6%","(X)","(X)","(X)","(X)","(X)","(X)","(X)","59.9%","(X)","(X)","(X)","(X)","(X)","(X)","(X)","43.7%","(X)","(X)","(X)","(X)","(X)","(X)","(X)","43.9%","(X)","(X)","(X)","(X)","(X)","(X)","(X)","32.2%","(X)","(X)","(X)","(X)","(X)","(X)","(X)","43.1%","(X)","(X)","(X)","(X)","(X)","(X)","(X)","18.5%","(X)","(X)","(X)","(X)","(X)","(X)","(X)","41.1%","(X)","(X)","(X)","(X)","(X)","(X)","(X)","35.2%","(X)","(X)","(X)","(X)","(X)","(X)","(X)","35.5%","(X)","(X)","(X)","(X)","(X)","(X)","(X)","38.7%","(X)","(X)","(X)","(X)","(X)","(X)","(X)","42.9%","(X)","(X)","(X)","(X)","(X)","(X)","(X)","32.9%","(X)","(X)","(X)","(X)","(X)","(X)","(X)","21.6%","(X)","(X)","(X)","(X)","(X)","(X)","(X)","33.6%","(X)","(X)","(X)","(X)","(X)","(X)","(X)","35.4%","(X)","(X)","(X)","(X)","(X)","(X)","(X)","29.6%","(X)","(X)","(X)","(X)","(X)","(X)","(X)","20.0%","(X)","(X)","(X)","(X)","(X)","(X)","(X)","35.8%","(X)","(X)","(X)","(X)","(X)","(X)","(X)","37.2%","(X)","(X)","(X)","(X)","(X)","(X)","(X)","34.4%","(X)","(X)","(X)","(X)","(X)","(X)","(X)","42.6%","(X)","(X)","(X)","(X)","(X)","(X)","(X)","61.2%","(X)","(X)","(X)","(X)","(X)","(X)","(X)","37.2%","(X)","(X)","(X)","(X)","(X)","(X)","(X)","49.6%","(X)"